_id/$oid,title,description,totalStars/$numberInt,starNumber/$numberInt,start,verified,objective,category/0/$oid,RecommendedSkills/0/$oid,price/$numberInt,paid,YoutubeLink,nbruser/$numberInt,owner/$oid,createdAt/$date/$numberLong,updatedAt/$date/$numberLong,__v/$numberInt,paymentId,RecommendedSkills/1/$oid,users/0/user/$oid,users/0/registrationDate/$date/$numberLong,users/0/review,users/0/_id/$oid,company/$oid,category/1/$oid,submissions/0/$oid,users/0/submissionDate/$date/$numberLong,deadline/$date/$numberLong,RecommendedSkills/2/$oid,RecommendedSkills/3/$oid
65de752d9c5c71b1c8fd3e7f,Beyond Boundaries: Designing Inclusive Environments,"This design challenge calls for creating spaces and products that cater to individuals of all abilities, ensuring inclusivity and accessibility are at the forefront of the design process. Participants will be tasked with conceptualizing innovative solutions that break down physical, sensory, and cognitive barriers, enabling seamless interaction and navigation for everyone. From public infrastructure to everyday products, the challenge encourages thinking beyond conventional norms to empower individuals of diverse backgrounds and abilities to fully participate in and contribute to society.",0,0,false,true,Freelance,6565dbc91b552b582750a569,656dca46f0780635fb101703,100,true,https://www.youtube.com/watch?v=TwDJhUJL-5o,12,657737242a9f72ac0cd595f4,1709077805956,1709077882396,0,65de752e3229038df00339ac,,,,,,,,,,,,
65df31e09c5c71b1c8fd47f6,Logo Design Challenge,"Unleash your creativity by designing a captivating logo for a fictional company. The challenge requires creating a unique visual identity that reflects the company's values and resonates with its target audience. Participants should explore different concepts, experiment with colors and typography, and deliver a polished logo design that leaves a lasting impression.",0,0,false,true,Freelance,6565dbc91b552b582750a569,6565dd201b552b582750a78f,80,true,https://www.youtube.com/watch?v=wIuVvCuiJhU,10,,1709126112574,1709144358505,1,,6565dd8d1b552b582750a7c6,65679947ceb352bf75d7bf63,1709144358500,false,65df79269c5c71b1c8fd5320,6581ca220048a6a683135dbc,,,,,,
65df33bf9c5c71b1c8fd497c,Sustainable MindsÂ²,Hackathon,0,0,true,true,Freelance,6565dbc11b552b582750a564,6565ddc01b552b582750a834,0,false,,150,,1709126591711,1709126924850,1,,,65df34199c5c71b1c8fd4a2a,1709126699826,true,65df342b9c5c71b1c8fd4a58,65df335f9c5c71b1c8fd487d,6565dbc91b552b582750a569,65df34c89c5c71b1c8fd4aca,1709126857011,1709130300000,,
65de763a9c5c71b1c8fd402f,Interactive Recipe Finder,"Create a web application that allows users to search for recipes based on ingredients they have on hand. Users should be able to input the ingredients they want to use, and the application will fetch and display recipes that include those ingredients. Additionally, users should be able to filter recipes based on dietary preferences (e.g., vegetarian, gluten-free) and sort them by various criteria such as rating or cooking time. The application should provide a user-friendly interface with interactive features such as real-time search suggestions, ingredient autocomplete, and dynamic recipe previews. This challenge will test your skills in front-end development, API integration, and user experience design.




",0,0,false,true,Internship,6565dbc11b552b582750a564,6565dd7f1b552b582750a7a5,0,false,https://www.youtube.com/watch?v=gQojMIhELvM&list=PLoYCgNOIyGAB_8_iq1cL8MVeun7cB6eNc,10,,1709078074431,1709118221505,1,,6565ddab1b552b582750a808,65df12d69c5c71b1c8fd4339,1709118221500,false,65df130d9c5c71b1c8fd4397,6581ca220048a6a683135dbc,,,,,657491f49f5ec2a17cfe3daa,65748f77274b04193293957e
65de752d9c5c71b1c8fd3e7f,UX Design Challenge: Redesigning a Travel App,"Revamp an existing travel app's user experience to enhance usability and engagement. The challenge involves conducting user research to identify pain points, creating wireframes and prototypes, and implementing intuitive design solutions. Participants should focus on improving navigation, visual appeal, and personalization features to provide travelers with a seamless and enjoyable journey planning experience.",0,0,false,true,Freelance,6565dbc91b552b582750a569,656dca46f0780635fb101703,150,true,https://www.youtube.com/watch?v=Klq_9bNQHw0,20,657737242a9f72ac0cd595f4,1709077805956,1709077882396,0,65de752e3229038df00339ac,,,,,,,,,,,,
65df31e09c5c71b1c8fd47f6,Article Writing Challenge: Environmental Sustainability,"Compose compelling articles on topics related to environmental conservation, renewable energy, and sustainable living practices. Participants are expected to conduct thorough research, craft engaging narratives, and adhere to journalistic standards. Topics may include climate change mitigation strategies, eco-friendly innovations, and community initiatives promoting environmental stewardship.",0,0,false,true,Freelance,6565dbc91b552b582750a569,6565dd201b552b582750a78f,80,true,https://www.youtube.com/watch?v=dQw4w9WgXcQ,15,65e7c2a09c5c71b1c8fd747c,1709126112574,1709144358505,1,,6565dd8d1b552b582750a7c6,65679947ceb352bf75d7bf63,1709144358500,false,65df79269c5c71b1c8fd5320,6581ca220048a6a683135dbc,,,,,,
65df33bf9c5c71b1c8fd497c,Data Analysis Challenge: Market Research,"Analyze market trends and consumer behavior data to provide actionable insights for a fictional company launching a new product. Participants will be provided with raw data sets and tasked with performing data cleaning, exploratory analysis, and presenting findings through visualizations and reports. Strong analytical skills and proficiency in data analysis tools such as Python or R are required.",0,0,true,true,Freelance,6565dbc11b552b582750a564,6565ddc01b552b582750a834,200,false,,100,,1709126591711,1709126924850,1,,,65df34199c5c71b1c8fd4a2a,1709126699826,true,65df342b9c5c71b1c8fd4a58,65df335f9c5c71b1c8fd487d,6565dbc91b552b582750a569,65df34c89c5c71b1c8fd4aca,1709126857011,1709130300000,,
65de763a9c5c71b1c8fd402f,Mobile App Development Challenge: Fitness Tracker,"Develop a mobile application for tracking fitness activities and monitoring health metrics. The challenge entails designing an intuitive user interface, integrating sensor data for accurate tracking, and implementing features such as goal setting, progress visualization, and social sharing. Participants should demonstrate proficiency in mobile app development frameworks like React Native or Flutter.",0,0,false,true,Internship,6565dbc11b552b582750a564,6565dd7f1b552b582750a7a5,250,false,https://www.youtube.com/watch?v=9bZkp7q19f0,25,65e7c2a09c5c71b1c8fd747c,1709078074431,1709118221505,1,,6565ddab1b552b582750a808,65df12d69c5c71b1c8fd4339,1709118221500,false,65df130d9c5c71b1c8fd4397,6581ca220048a6a683135dbc,,,,,657491f49f5ec2a17cfe3daa,65748f77274b04193293957e
65de752d9c5c71b1c8fd3e7f,UI/UX Design Challenge: E-commerce Platform,"Redesign the user interface and user experience of an e-commerce platform to improve conversion rates and enhance customer satisfaction. Participants should focus on optimizing product discovery, simplifying checkout processes, and incorporating persuasive design elements to drive sales. Creativity, empathy, and a deep understanding of user behavior are key to delivering successful solutions.",0,0,false,true,Freelance,6565dbc91b552b582750a569,656dca46f0780635fb101703,120,true,https://www.youtube.com/watch?v=TwDJhUJL-5o,18,657737242a9f72ac0cd595f4,1709077805956,1709077882396,0,65de752e3229038df00339ac,,,,,,,,,,,,
65df31e09c5c71b1c8fd47f6,Content Writing Challenge: Technology Blog Posts,"Produce engaging blog posts on topics related to technology, innovation, and digital trends. Participants should demonstrate a strong command of the English language, excellent research skills, and the ability to translate complex technical concepts into accessible content for a general audience. Topics may include software reviews, industry insights, and tutorials on emerging technologies.",0,0,false,true,Freelance,6565dbc91b552b582750a569,6565dd201b552b582750a78f,70,true,https://www.youtube.com/watch?v=wIuVvCuiJhU,12,,1709126112574,1709144358505,1,,6565dd8d1b552b582750a7c6,65679947ceb352bf75d7bf63,1709144358500,false,65df79269c5c71b1c8fd5320,6581ca220048a6a683135dbc,,,,,,
65df33bf9c5c71b1c8fd497c,Data Science Challenge: Predictive Analytics,"Build predictive models to forecast sales, customer churn, or other business metrics using machine learning techniques. Participants will be provided with historical data sets and tasked with preprocessing data, selecting appropriate algorithms, and evaluating model performance. Strong proficiency in Python, data wrangling, and statistical analysis is required to tackle this challenge.",0,0,true,true,Freelance,6565dbc11b552b582750a564,6565ddc01b552b582750a834,250,false,,80,,1709126591711,1709126924850,1,,,65df34199c5c71b1c8fd4a2a,1709126699826,true,65df342b9c5c71b1c8fd4a58,65df335f9c5c71b1c8fd487d,6565dbc91b552b582750a569,65df34c89c5c71b1c8fd4aca,1709126857011,1709130300000,,
65de763a9c5c71b1c8fd402f,AR/VR Development Challenge: Immersive Experiences,"Create immersive augmented reality (AR) or virtual reality (VR) experiences that push the boundaries of storytelling and interactivity. Participants should leverage AR/VR technologies to transport users to imaginative worlds, deliver impactful narratives, and engage multiple senses for a truly immersive experience. Proficiency in Unity or Unreal Engine and 3D modeling skills are essential for this challenge.",0,0,false,true,Internship,6565dbc11b552b582750a564,6565dd7f1b552b582750a7a5,300,false,https://www.youtube.com/watch?v=gQojMIhELvM&list=PLoYCgNOIyGAB_8_iq1cL8MVeun7cB6eNc,30,65e7c2a09c5c71b1c8fd747c,1709078074431,1709118221505,1,,6565ddab1b552b582750a808,65df12d69c5c71b1c8fd4339,1709118221500,false,65df130d9c5c71b1c8fd4397,6581ca220048a6a683135dbc,,,,,657491f49f5ec2a17cfe3daa,65748f77274b04193293957e
65de752d9c5c71b1c8fd3e7f,Graphic Design Challenge: Social Media Ad Campaign,"Design visually striking social media ad creatives to promote a fictional product or service. The challenge involves understanding target audience demographics, crafting compelling visuals, and adhering to platform-specific design guidelines. Participants should showcase their creativity, attention to detail, and ability to communicate brand messages effectively through visual storytelling.",0,0,false,true,Freelance,6565dbc91b552b582750a569,656dca46f0780635fb101703,90,true,https://www.youtube.com/watch?v=TwDJhUJL-5o,15,657737242a9f72ac0cd595f4,1709077805956,1709077882396,0,65de752e3229038df00339ac,,,,,,,,,,,,
65df31e09c5c71b1c8fd47f6,Social Media Marketing Challenge: Brand Awareness Campaign,"Develop a comprehensive social media marketing strategy to increase brand awareness and drive engagement for a fictional company. Participants should outline campaign objectives, identify target audience segments, and propose creative content ideas across various social media platforms. Strong analytical skills and familiarity with social media analytics tools are essential for evaluating campaign performance and optimizing results.",0,0,false,true,Freelance,6565dbc91b552b582750a569,6565dd201b552b582750a78f,120,true,https://www.youtube.com/watch?v=wIuVvCuiJhU,20,,1709126112574,1709144358505,1,,6565dd8d1b552b582750a7c6,65679947ceb352bf75d7bf63,1709144358500,false,65df79269c5c71b1c8fd5320,6581ca220048a6a683135dbc,,,,,,
65df33bf9c5c71b1c8fd497c,Web Development Challenge: E-commerce Website,"Build a fully functional e-commerce website from scratch using modern web development technologies. The challenge encompasses designing responsive layouts, implementing secure payment gateways, and integrating inventory management systems. Participants should prioritize user experience, performance optimization, and scalability to deliver a seamless online shopping experience.",0,0,true,true,Freelance,6565dbc11b552b582750a564,6565ddc01b552b582750a834,300,false,,90,,1709126591711,1709126924850,1,,,65df34199c5c71b1c8fd4a2a,1709126699826,true,65df342b9c5c71b1c8fd4a58,65df335f9c5c71b1c8fd487d,6565dbc91b552b582750a569,65df34c89c5c71b1c8fd4aca,1709126857011,1709130300000,,
65de763a9c5c71b1c8fd402f,Game Development Challenge: Casual Mobile Game,"Create an addictive and visually appealing casual mobile game suitable for all ages. The challenge involves conceptualizing game mechanics, designing engaging levels, and optimizing performance for various mobile devices. Participants should demonstrate creativity, problem-solving skills, and proficiency in game development frameworks such as Unity or Unreal Engine.",0,0,false,true,Internship,6565dbc11b552b582750a564,6565dd7f1b552b582750a7a5,250,false,https://www.youtube.com/watch?v=9bZkp7q19f0,25,65e7c2a09c5c71b1c8fd747c,1709078074431,1709118221505,1,,6565ddab1b552b582750a808,65df12d69c5c71b1c8fd4339,1709118221500,false,65df130d9c5c71b1c8fd4397,6581ca220048a6a683135dbc,,,,,657491f49f5ec2a17cfe3daa,65748f77274b04193293957e
65de752d9c5c71b1c8fd3e7f,UI/UX Design Challenge: Banking App Redesign,"Revise the user interface and user experience of a banking app to improve accessibility, security, and functionality. The challenge requires understanding user pain points, streamlining account management processes, and implementing intuitive navigation flows. Participants should prioritize simplicity, clarity, and compliance with industry regulations in their redesign.",0,0,false,true,Freelance,6565dbc91b552b582750a569,656dca46f0780635fb101703,130,true,https://www.youtube.com/watch?v=TwDJhUJL-5o,17,657737242a9f72ac0cd595f4,1709077805956,1709077882396,0,65de752e3229038df00339ac,,,,,,,,,,,,
65df31e09c5c71b1c8fd47f6,Content Creation Challenge: Social Media Graphics,"Design visually appealing graphics for social media posts to enhance engagement and brand visibility. The challenge involves creating attention-grabbing visuals, incorporating brand elements, and optimizing image sizes for different social media platforms. Participants should demonstrate creativity, attention to detail, and an understanding of visual communication principles.",0,0,false,true,Freelance,6565dbc91b552b582750a569,6565dd201b552b582750a78f,70,true,https://www.youtube.com/watch?v=wIuVvCuiJhU,12,,1709126112574,1709144358505,1,,6565dd8d1b552b582750a7c6,65679947ceb352bf75d7bf63,1709144358500,false,65df79269c5c71b1c8fd5320,6581ca220048a6a683135dbc,,,,,,
65df33bf9c5c71b1c8fd497c,Software Engineering Challenge: Scalable Web Application,"Architect and develop a scalable web application capable of handling large volumes of traffic and data. The challenge encompasses designing database schemas, optimizing API endpoints, and implementing caching mechanisms to ensure performance and reliability. Participants should leverage cloud services and microservices architecture to build a robust and scalable solution.",0,0,true,true,Freelance,6565dbc11b552b582750a564,6565ddc01b552b582750a834,280,false,,120,,1709126591711,1709126924850,1,,,65df34199c5c71b1c8fd4a2a,1709126699826,true,65df342b9c5c71b1c8fd4a58,65df335f9c5c71b1c8fd487d,6565dbc91b552b582750a569,65df34c89c5c71b1c8fd4aca,1709126857011,1709130300000,,
65de763a9c5c71b1c8fd402f,UI Design Challenge: Mobile Banking App,"Design a user-friendly and visually appealing mobile banking app interface that simplifies financial transactions and enhances user trust. The challenge requires creating intuitive navigation, clear information hierarchy, and seamless interactions to facilitate easy account management and secure transactions. Participants should prioritize usability, accessibility, and adherence to design best practices.",0,0,false,true,Internship,6565dbc11b552b582750a564,6565dd7f1b552b582750a7a5,150,false,https://www.youtube.com/watch?v=9bZkp7q19f0,18,65e7c2a09c5c71b1c8fd747c,1709078074431,1709118221505,1,,6565ddab1b552b582750a808,65df12d69c5c71b1c8fd4339,1709118221500,false,65df130d9c5c71b1c8fd4397,6581ca220048a6a683135dbc,,,,,657491f49f5ec2a17cfe3daa,65748f77274b04193293957e
65de752d9c5c71b1c8fd3e7f,UI/UX Design Challenge: Car Rental App Redesign,"Enhance the user experience and visual appeal of a car rental app to streamline the booking process and improve customer satisfaction. The challenge involves optimizing search filters, simplifying reservation flows, and incorporating interactive features for a seamless user journey. Participants should focus on usability, accessibility, and brand consistency in their redesign efforts.",0,0,false,true,Freelance,6565dbc91b552b582750a569,656dca46f0780635fb101703,140,true,https://www.youtube.com/watch?v=TwDJhUJL-5o,20,657737242a9f72ac0cd595f4,1709077805956,1709077882396,0,65de752e3229038df00339ac,,,,,,,,,,,,
65df31e09c5c71b1c8fd47f6,Content Creation Challenge: Email Newsletter Design,"Design visually appealing and responsive email newsletters to engage subscribers and drive conversions. The challenge involves creating eye-catching layouts, compelling copywriting, and clear call-to-action buttons. Participants should ensure compatibility across different email clients and devices to maximize reach and effectiveness.",0,0,false,true,Freelance,6565dbc91b552b582750a569,6565dd201b552b582750a78f,60,true,https://www.youtube.com/watch?v=wIuVvCuiJhU,10,,1709126112574,1709144358505,1,,6565dd8d1b552b582750a7c6,65679947ceb352bf75d7bf63,1709144358500,false,65df79269c5c71b1c8fd5320,6581ca220048a6a683135dbc,,,,,,
65df33bf9c5c71b1c8fd497c,Machine Learning Challenge: Image Classification,"Develop machine learning models for image classification tasks such as object recognition, facial recognition, or medical image analysis. The challenge involves collecting and preprocessing image data, selecting appropriate neural network architectures, and fine-tuning model parameters for optimal performance. Participants should demonstrate expertise in deep learning frameworks like TensorFlow or PyTorch.",0,0,true,true,Freelance,6565dbc11b552b582750a564,6565ddc01b552b582750a834,300,false,,80,,1709126591711,1709126924850,1,,,65df34199c5c71b1c8fd4a2a,1709126699826,true,65df342b9c5c71b1c8fd4a58,65df335f9c5c71b1c8fd487d,6565dbc91b552b582750a569,65df34c89c5c71b1c8fd4aca,1709126857011,1709130300000,,
65de763a9c5c71b1c8fd402f,Front-end Development Challenge: Responsive Website,"Build a responsive website that adapts seamlessly to different screen sizes and devices. The challenge involves coding HTML, CSS, and JavaScript to create flexible layouts, fluid grids, and media queries. Participants should prioritize accessibility, performance, and cross-browser compatibility in their development approach.",0,0,false,true,Internship,6565dbc11b552b582750a564,6565dd7f1b552b582750a7a5,200,false,https://www.youtube.com/watch?v=9bZkp7q19f0,20,65e7c2a09c5c71b1c8fd747c,1709078074431,1709118221505,1,,6565ddab1b552b582750a808,65df12d69c5c71b1c8fd4339,1709118221500,false,65df130d9c5c71b1c8fd4397,6581ca220048a6a683135dbc,,,,,657491f49f5ec2a17cfe3daa,65748f77274b04193293957e
65de752d9c5c71b1c8fd3e7f,UI/UX Design Challenge: Real Estate Website Redesign,"Redesign the user interface and user experience of a real estate website to improve property search functionality and facilitate seamless transactions. The challenge involves optimizing search filters, enhancing property listings, and incorporating interactive maps for location-based searches. Participants should prioritize simplicity, clarity, and ease of use in their redesign efforts.",0,0,false,true,Freelance,6565dbc91b552b582750a569,656dca46f0780635fb101703,120,true,https://www.youtube.com/watch?v=TwDJhUJL-5o,17,657737242a9f72ac0cd595f4,1709077805956,1709077882396,0,65de752e3229038df00339ac,,,,,,,,,,,,
65df31e09c5c71b1c8fd47f6,Content Writing Challenge: Travel Guides,"Craft informative and engaging travel guides for popular destinations around the world. The challenge involves conducting thorough research, capturing local culture and attractions, and presenting practical travel tips and recommendations. Participants should demonstrate strong writing skills, attention to detail, and the ability to evoke wanderlust through captivating storytelling.",0,0,false,true,Freelance,6565dbc91b552b582750a569,6565dd201b552b582750a78f,70,true,https://www.youtube.com/watch?v=wIuVvCuiJhU,12,,1709126112574,1709144358505,1,,6565dd8d1b552b582750a7c6,65679947ceb352bf75d7bf63,1709144358500,false,65df79269c5c71b1c8fd5320,6581ca220048a6a683135dbc,,,,,,
65df33bf9c5c71b1c8fd497c,Backend Development Challenge: RESTful API,"Design and implement a RESTful API for a fictional e-commerce platform to handle product catalog management and customer order processing. The challenge involves defining API endpoints, handling authentication and authorization, and ensuring data integrity and security. Participants should demonstrate proficiency in backend development frameworks like Node.js or Django.",0,0,true,true,Freelance,6565dbc11b552b582750a564,6565ddc01b552b582750a834,250,false,,80,,1709126591711,1709126924850,1,,,65df34199c5c71b1c8fd4a2a,1709126699826,true,65df342b9c5c71b1c8fd4a58,65df335f9c5c71b1c8fd487d,6565dbc91b552b582750a569,65df34c89c5c71b1c8fd4aca,1709126857011,1709130300000,,
65de763a9c5c71b1c8fd402f,Mobile App Development Challenge: Food Delivery App,"Develop a mobile application for ordering food delivery from local restaurants. The challenge entails designing a user-friendly interface, integrating payment gateways, and optimizing delivery tracking features. Participants should prioritize speed, reliability, and usability to deliver a convenient and satisfying user experience.",0,0,false,true,Internship,6565dbc11b552b582750a564,6565dd7f1b552b582750a7a5,300,false,https://www.youtube.com/watch?v=gQojMIhELvM&list=PLoYCgNOIyGAB_8_iq1cL8MVeun7cB6eNc,30,65e7c2a09c5c71b1c8fd747c,1709078074431,1709118221505,1,,6565ddab1b552b582750a808,65df12d69c5c71b1c8fd4339,1709118221500,false,65df130d9c5c71b1c8fd4397,6581ca220048a6a683135dbc,,,,,657491f49f5ec2a17cfe3daa,65748f77274b04193293957e
65de752d9c5c71b1c8fd3e7f,UI/UX Design Challenge: Music Streaming App Redesign,"Redesign the user interface and user experience of a music streaming app to enhance discoverability, personalization, and engagement. The challenge involves optimizing music recommendations, improving playlist management, and integrating social sharing features. Participants should prioritize seamless navigation, visual appeal, and effortless music discovery in their redesign efforts.",0,0,false,true,Freelance,6565dbc91b552b582750a569,656dca46f0780635fb101703,130,true,https://www.youtube.com/watch?v=TwDJhUJL-5o,17,657737242a9f72ac0cd595f4,1709077805956,1709077882396,0,65de752e3229038df00339ac,,,,,,,,,,,,
65df31e09c5c71b1c8fd47f6,Content Creation Challenge: Social Media Videos,"Create engaging and shareable video content for social media platforms to promote a fictional brand or campaign. The challenge involves conceptualizing video ideas, scripting compelling narratives, and producing high-quality visuals with sound effects and music. Participants should demonstrate creativity, storytelling skills, and proficiency in video editing software.",0,0,false,true,Freelance,6565dbc91b552b582750a569,6565dd201b552b582750a78f,90,true,https://www.youtube.com/watch?v=wIuVvCuiJhU,15,,1709126112574,1709144358505,1,,6565dd8d1b552b582750a7c6,65679947ceb352bf75d7bf63,1709144358500,false,65df79269c5c71b1c8fd5320,6581ca220048a6a683135dbc,,,,,,
65df33bf9c5c71b1c8fd497c,Full-stack Development Challenge: Social Network,"Build a full-stack social networking platform that enables users to connect, share content, and interact with each other. The challenge encompasses designing database schemas, implementing authentication and authorization mechanisms, and developing features such as user profiles, news feeds, and messaging. Participants should demonstrate proficiency in both front-end and back-end technologies.",0,0,true,true,Freelance,6565dbc11b552b582750a564,6565ddc01b552b582750a834,350,false,,150,,1709126591711,1709126924850,1,,,65df34199c5c71b1c8fd4a2a,1709126699826,true,65df342b9c5c71b1c8fd4a58,65df335f9c5c71b1c8fd487d,6565dbc91b552b582750a569,65df34c89c5c71b1c8fd4aca,1709126857011,1709130300000,,
65de763a9c5c71b1c8fd402f,Game Development Challenge: Puzzle Game,"Create an addictive and intellectually stimulating puzzle game for mobile devices. The challenge involves designing challenging puzzles, intuitive controls, and visually appealing graphics. Participants should prioritize gameplay mechanics, level design, and user engagement to deliver an immersive gaming experience.",0,0,false,true,Internship,6565dbc11b552b582750a564,6565dd7f1b552b582750a7a5,250,false,https://www.youtube.com/watch?v=9bZkp7q19f0,25,65e7c2a09c5c71b1c8fd747c,1709078074431,1709118221505,1,,6565ddab1b552b582750a808,65df12d69c5c71b1c8fd4339,1709118221500,false,65df130d9c5c71b1c8fd4397,6581ca220048a6a683135dbc,,,,,657491f49f5ec2a17cfe3daa,65748f77274b04193293957e
65de752d9c5c71b1c8fd3e7f,UI/UX Design Challenge: Dashboard Redesign,"Revise the user interface and user experience of a dashboard application to enhance data visualization and user productivity. The challenge involves optimizing dashboard layouts, improving data filtering and sorting options, and incorporating interactive elements for data exploration. Participants should prioritize clarity, efficiency, and aesthetics in their redesign efforts.",0,0,false,true,Freelance,6565dbc91b552b582750a569,656dca46f0780635fb101703,120,true,https://www.youtube.com/watch?v=TwDJhUJL-5o,17,657737242a9f72ac0cd595f4,1709077805956,1709077882396,0,65de752e3229038df00339ac,,,,,,,,,,,,
65df31e09c5c71b1c8fd47f6,Content Creation Challenge: Infographics,"Design informative and visually appealing infographics to communicate complex data and concepts effectively. The challenge involves condensing information into digestible visual formats, selecting appropriate charts and graphics, and maintaining clarity and accuracy. Participants should demonstrate creativity, attention to detail, and proficiency in graphic design tools.",0,0,false,true,Freelance,6565dbc91b552b582750a569,6565dd201b552b582750a78f,80,true,https://www.youtube.com/watch?v=wIuVvCuiJhU,12,,1709126112574,1709144358505,1,,6565dd8d1b552b582750a7c6,65679947ceb352bf75d7bf63,1709144358500,false,65df79269c5c71b1c8fd5320,6581ca220048a6a683135dbc,,,,,,
65df33bf9c5c71b1c8fd497c,Cybersecurity Challenge: Penetration Testing,"Conduct penetration testing on a simulated network environment to identify and exploit vulnerabilities. The challenge involves performing reconnaissance, scanning for open ports and services, and exploiting weaknesses to gain unauthorized access. Participants should document their findings and recommend mitigations to enhance security.",0,0,true,true,Freelance,6565dbc11b552b582750a564,6565ddc01b552b582750a834,280,false,,100,,1709126591711,1709126924850,1,,,65df34199c5c71b1c8fd4a2a,1709126699826,true,65df342b9c5c71b1c8fd4a58,65df335f9c5c71b1c8fd487d,6565dbc91b552b582750a569,65df34c89c5c71b1c8fd4aca,1709126857011,1709130300000,,
65de763a9c5c71b1c8fd402f,Cloud Computing Challenge: Serverless Architecture,"Design and implement a serverless architecture for a cloud-based application, leveraging services like AWS Lambda, Azure Functions, or Google Cloud Functions. The challenge involves defining serverless workflows, integrating with cloud storage and databases, and optimizing for scalability and cost-efficiency. Participants should demonstrate proficiency in cloud computing concepts and platform-specific services.",0,0,false,true,Internship,6565dbc11b552b582750a564,6565dd7f1b552b582750a7a5,250,false,https://www.youtube.com/watch?v=gQojMIhELvM&list=PLoYCgNOIyGAB_8_iq1cL8MVeun7cB6eNc,25,65e7c2a09c5c71b1c8fd747c,1709078074431,1709118221505,1,,6565ddab1b552b582750a808,65df12d69c5c71b1c8fd4339,1709118221500,false,65df130d9c5c71b1c8fd4397,6581ca220048a6a683135dbc,,,,,657491f49f5ec2a17cfe3daa,65748f77274b04193293957e
65de752d9c5c71b1c8fd3e7f,UI/UX Design Challenge: Health and Wellness App Redesign,"Enhance the user experience and visual appeal of a health and wellness app to promote healthy lifestyle habits and improve user well-being. The challenge involves optimizing goal tracking features, integrating motivational elements, and designing personalized experiences based on user preferences. Participants should prioritize simplicity, empathy, and accessibility in their redesign efforts.",0,0,false,true,Freelance,6565dbc91b552b582750a569,656dca46f0780635fb101703,140,true,https://www.youtube.com/watch?v=TwDJhUJL-5o,20,657737242a9f72ac0cd595f4,1709077805956,1709077882396,0,65de752e3229038df00339ac,,,,,,,,,,,,
65df31e09c5c71b1c8fd47f6,Content Creation Challenge: Blogging,"Write informative and engaging blog posts on topics such as technology, entrepreneurship, or personal development. The challenge involves conducting research, structuring content for readability, and incorporating visuals and multimedia elements to enhance engagement. Participants should demonstrate strong writing skills, creativity, and the ability to connect with readers.",0,0,false,true,Freelance,6565dbc91b552b582750a569,6565dd201b552b582750a78f,60,true,https://www.youtube.com/watch?v=wIuVvCuiJhU,10,,1709126112574,1709144358505,1,,6565dd8d1b552b582750a7c6,65679947ceb352bf75d7bf63,1709144358500,false,65df79269c5c71b1c8fd5320,6581ca220048a6a683135dbc,,,,,,
65df33bf9c5c71b1c8fd497c,Data Analysis Challenge: Financial Forecasting,"Perform financial forecasting and risk analysis using historical market data and statistical modeling techniques. The challenge involves preprocessing financial data, building predictive models, and evaluating forecast accuracy to support investment decision-making. Participants should demonstrate proficiency in data analysis tools like Excel, Python, or R, as well as knowledge of financial concepts and markets.",0,0,true,true,Freelance,6565dbc11b552b582750a564,6565ddc01b552b582750a834,250,false,,80,,1709126591711,1709126924850,1,,,65df34199c5c71b1c8fd4a2a,1709126699826,true,65df342b9c5c71b1c8fd4a58,65df335f9c5c71b1c8fd487d,6565dbc91b552b582750a569,65df34c89c5c71b1c8fd4aca,1709126857011,1709130300000,,
65de763a9c5c71b1c8fd402f,AR/VR Development Challenge: Educational Applications,"Create immersive educational applications using augmented reality (AR) or virtual reality (VR) technology to enhance learning experiences. The challenge involves designing interactive simulations, visualizing complex concepts, and providing engaging content for students of all ages. Participants should demonstrate creativity, educational expertise, and technical proficiency in AR/VR development tools.",0,0,false,true,Internship,6565dbc11b552b582750a564,6565dd7f1b552b582750a7a5,300,false,https://www.youtube.com/watch?v=gQojMIhELvM&list=PLoYCgNOIyGAB_8_iq1cL8MVeun7cB6eNc,30,65e7c2a09c5c71b1c8fd747c,1709078074431,1709118221505,1,,6565ddab1b552b582750a808,65df12d69c5c71b1c8fd4339,1709118221500,false,65df130d9c5c71b1c8fd4397,6581ca220048a6a683135dbc,,,,,657491f49f5ec2a17cfe3daa,65748f77274b04193293957e
65de752d9c5c71b1c8fd3e7f,Graphic Design Challenge: Brand Identity,"Create a comprehensive brand identity package for a fictional company, including a logo, color palette, typography, and brand guidelines. The challenge involves understanding the company's values, target audience, and market positioning to develop a visually cohesive and memorable brand identity. Participants should showcase creativity, attention to detail, and the ability to communicate brand values through design elements.",0,0,false,true,Freelance,6565dbc91b552b582750a569,656dca46f0780635fb101703,160,true,https://www.youtube.com/watch?v=TwDJhUJL-5o,22,657737242a9f72ac0cd595f4,1709077805956,1709077882396,0,65de752e3229038df00339ac,,,,,,,,,,,,
65df31e09c5c71b1c8fd47f6,Content Creation Challenge: Copywriting,"Write compelling and persuasive copy for marketing materials, advertisements, or website content. The challenge involves understanding brand voice and tone, identifying target audience motivations, and crafting concise yet impactful messaging. Participants should demonstrate strong writing skills, creativity, and the ability to tailor content to specific marketing objectives.",0,0,false,true,Freelance,6565dbc91b552b582750a569,6565dd201b552b582750a78f,60,true,https://www.youtube.com/watch?v=wIuVvCuiJhU,10,,1709126112574,1709144358505,1,,6565dd8d1b552b582750a7c6,65679947ceb352bf75d7bf63,1709144358500,false,65df79269c5c71b1c8fd5320,6581ca220048a6a683135dbc,,,,,,
65df33bf9c5c71b1c8fd497c,Mobile App Development Challenge: Social Networking App,"Develop a mobile application that facilitates social networking and communication among users with shared interests or connections. The challenge involves designing intuitive user interfaces, implementing real-time messaging features, and integrating social authentication mechanisms. Participants should prioritize user engagement, privacy, and security in their app design.",0,0,true,true,Freelance,6565dbc11b552b582750a564,6565ddc01b552b582750a834,280,false,,100,,1709126591711,1709126924850,1,,,65df34199c5c71b1c8fd4a2a,1709126699826,true,65df342b9c5c71b1c8fd4a58,65df335f9c5c71b1c8fd487d,6565dbc91b552b582750a569,65df34c89c5c71b1c8fd4aca,1709126857011,1709130300000,,
65de763a9c5c71b1c8fd402f,Game Development Challenge: Multiplayer Online Game,"Create a multiplayer online game that offers immersive gameplay experiences and fosters player interaction. The challenge involves designing game mechanics, implementing networking features, and optimizing performance for online multiplayer environments. Participants should prioritize game balance, server scalability, and player engagement in their game design.",0,0,false,true,Internship,6565dbc11b552b582750a564,6565dd7f1b552b582750a7a5,350,false,https://www.youtube.com/watch?v=9bZkp7q19f0,35,65e7c2a09c5c71b1c8fd747c,1709078074431,1709118221505,1,,6565ddab1b552b582750a808,65df12d69c5c71b1c8fd4339,1709118221500,false,65df130d9c5c71b1c8fd4397,6581ca220048a6a683135dbc,,,,,657491f49f5ec2a17cfe3daa,65748f77274b04193293957e
65de752d9c5c71b1c8fd3e7f,UI/UX Design Challenge: Travel App Redesign,"Redesign the user interface and user experience of a travel app to inspire wanderlust and simplify trip planning. The challenge involves optimizing search filters, enhancing destination details, and integrating social features for sharing travel experiences. Participants should prioritize usability, aesthetics, and personalization in their redesign efforts.",0,0,false,true,Freelance,6565dbc91b552b582750a569,656dca46f0780635fb101703,130,true,https://www.youtube.com/watch?v=TwDJhUJL-5o,17,657737242a9f72ac0cd595f4,1709077805956,1709077882396,0,65de752e3229038df00339ac,,,,,,,,,,,,
65df31e09c5c71b1c8fd47f6,Content Creation Challenge: Podcast Production,"Produce compelling and informative podcast episodes on topics such as technology, business, or personal development. The challenge involves planning episode topics, conducting interviews or research, and editing audio recordings for clarity and engagement. Participants should demonstrate strong storytelling skills, interviewing techniques, and audio editing proficiency.",0,0,false,true,Freelance,6565dbc91b552b582750a569,6565dd201b552b582750a78f,70,true,https://www.youtube.com/watch?v=wIuVvCuiJhU,12,,1709126112574,1709144358505,1,,6565dd8d1b552b582750a7c6,65679947ceb352bf75d7bf63,1709144358500,false,65df79269c5c71b1c8fd5320,6581ca220048a6a683135dbc,,,,,,
65df33bf9c5c71b1c8fd497c,Mobile App Development Challenge: Fitness Tracking App,"Develop a mobile application for tracking fitness activities, setting goals, and monitoring progress. The challenge involves designing intuitive user interfaces, integrating with health tracking sensors, and analyzing data to provide actionable insights. Participants should prioritize usability, performance, and data privacy in their app design.",0,0,true,true,Freelance,6565dbc11b552b582750a564,6565ddc01b552b582750a834,250,false,,80,,1709126591711,1709126924850,1,,,65df34199c5c71b1c8fd4a2a,1709126699826,true,65df342b9c5c71b1c8fd4a58,65df335f9c5c71b1c8fd487d,6565dbc91b552b582750a569,65df34c89c5c71b1c8fd4aca,1709126857011,1709130300000,,
65de763a9c5c71b1c8fd402f,Data Science Challenge: Predictive Analytics,"Develop predictive analytics models to forecast future trends or outcomes based on historical data. The challenge involves data preprocessing, feature engineering, model selection, and evaluation using techniques such as regression, classification, or time series analysis. Participants should demonstrate proficiency in data science tools like Python or R, as well as knowledge of statistical methods and machine learning algorithms.",0,0,false,true,Internship,6565dbc11b552b582750a564,6565dd7f1b552b582750a7a5,280,false,https://www.youtube.com/watch?v=9bZkp7q19f0,28,65e7c2a09c5c71b1c8fd747c,1709078074431,1709118221505,1,,6565ddab1b552b582750a808,65df12d69c5c71b1c8fd4339,1709118221500,false,65df130d9c5c71b1c8fd4397,6581ca220048a6a683135dbc,,,,,657491f49f5ec2a17cfe3daa,65748f77274b04193293957e
65de752d9c5c71b1c8fd3e7f,UI/UX Design Challenge: E-commerce Website Redesign,"Revise the user interface and user experience of an e-commerce website to improve conversion rates and customer satisfaction. The challenge involves optimizing product pages, simplifying checkout flows, and enhancing navigation for easier exploration. Participants should prioritize usability, accessibility, and brand consistency in their redesign efforts.",0,0,false,true,Freelance,6565dbc91b552b582750a569,656dca46f0780635fb101703,120,true,https://www.youtube.com/watch?v=TwDJhUJL-5o,17,657737242a9f72ac0cd595f4,1709077805956,1709077882396,0,65de752e3229038df00339ac,,,,,,,,,,,,
65df31e09c5c71b1c8fd47f6,Content Creation Challenge: Video Production,"Produce high-quality video content for online platforms such as YouTube or Vimeo. The challenge involves scripting, filming, and editing videos on topics such as tutorials, reviews, or vlogs. Participants should demonstrate storytelling skills, visual creativity, and proficiency in video editing software.",0,0,false,true,Freelance,6565dbc91b552b582750a569,6565dd201b552b582750a78f,90,true,https://www.youtube.com/watch?v=wIuVvCuiJhU,15,,1709126112574,1709144358505,1,,6565dd8d1b552b582750a7c6,65679947ceb352bf75d7bf63,1709144358500,false,65df79269c5c71b1c8fd5320,6581ca220048a6a683135dbc,,,,,,
65df33bf9c5c71b1c8fd497c,Software Engineering Challenge: Microservices Architecture,"Design and implement a microservices architecture for a scalable and resilient software application. The challenge involves defining service boundaries, implementing communication protocols, and orchestrating containerized deployments using platforms like Kubernetes. Participants should demonstrate expertise in software design patterns, cloud-native technologies, and distributed systems.",0,0,true,true,Freelance,6565dbc11b552b582750a564,6565ddc01b552b582750a834,350,false,,150,,1709126591711,1709126924850,1,,,65df34199c5c71b1c8fd4a2a,1709126699826,true,65df342b9c5c71b1c8fd4a58,65df335f9c5c71b1c8fd487d,6565dbc91b552b582750a569,65df34c89c5c71b1c8fd4aca,1709126857011,1709130300000,,
65de763a9c5c71b1c8fd402f,Mobile App Development Challenge: Social Media App,"Develop a mobile application for social media networking and content sharing. The challenge entails designing intuitive user interfaces, implementing real-time messaging features, and integrating multimedia content sharing functionalities. Participants should prioritize user engagement, platform compatibility, and data security in their app design.",0,0,false,true,Internship,6565dbc11b552b582750a564,6565dd7f1b552b582750a7a5,280,false,https://www.youtube.com/watch?v=gQojMIhELvM&list=PLoYCgNOIyGAB_8_iq1cL8MVeun7cB6eNc,28,65e7c2a09c5c71b1c8fd747c,1709078074431,1709118221505,1,,6565ddab1b552b582750a808,65df12d69c5c71b1c8fd4339,1709118221500,false,65df130d9c5c71b1c8fd4397,6581ca220048a6a683135dbc,,,,,657491f49f5ec2a17cfe3daa,65748f77274b04193293957e
65de752d9c5c71b1c8fd3e7f,UI/UX Design Challenge: Fitness App Redesign,"Revise the user interface and user experience of a fitness app to promote exercise adherence and overall wellness. The challenge involves optimizing workout tracking features, integrating motivational elements, and providing personalized recommendations based on user goals. Participants should prioritize simplicity, intuitiveness, and inclusivity in their redesign efforts.",0,0,false,true,Freelance,6565dbc91b552b582750a569,656dca46f0780635fb101703,130,true,https://www.youtube.com/watch?v=TwDJhUJL-5o,17,657737242a9f72ac0cd595f4,1709077805956,1709077882396,0,65de752e3229038df00339ac,,,,,,,,,,,,
65df31e09c5c71b1c8fd47f6,Content Creation Challenge: Webinar Production,"Organize and host an educational webinar on topics such as technology trends, career development, or industry insights. The challenge involves planning the webinar agenda, coordinating with speakers, and moderating audience interactions. Participants should demonstrate public speaking skills, subject matter expertise, and the ability to engage virtual audiences.",0,0,false,true,Freelance,6565dbc91b552b582750a569,6565dd201b552b582750a78f,70,true,https://www.youtube.com/watch?v=wIuVvCuiJhU,12,,1709126112574,1709144358505,1,,6565dd8d1b552b582750a7c6,65679947ceb352bf75d7bf63,1709144358500,false,65df79269c5c71b1c8fd5320,6581ca220048a6a683135dbc,,,,,,
65df33bf9c5c71b1c8fd497c,Front-end Development Challenge: Responsive Web Design,"Create a responsive web design for a fictional e-commerce website, ensuring compatibility across various devices and screen sizes. The challenge involves implementing flexible layouts, fluid images, and media queries to deliver a seamless browsing experience. Participants should demonstrate proficiency in HTML, CSS, and JavaScript, as well as knowledge of front-end frameworks like Bootstrap or Foundation.",0,0,true,true,Freelance,6565dbc11b552b582750a564,6565ddc01b552b582750a834,300,false,,120,,1709126591711,1709126924850,1,,,65df34199c5c71b1c8fd4a2a,1709126699826,true,65df342b9c5c71b1c8fd4a58,65df335f9c5c71b1c8fd487d,6565dbc91b552b582750a569,65df34c89c5c71b1c8fd4aca,1709126857011,1709130300000,,
65de763a9c5c71b1c8fd402f,Blockchain Development Challenge: Decentralized Applications,"Develop decentralized applications (DApps) using blockchain technology to enable trustless peer-to-peer transactions or smart contract automation. The challenge involves designing DApp architectures, implementing blockchain consensus mechanisms, and securing data with cryptographic techniques. Participants should demonstrate proficiency in blockchain platforms like Ethereum or Hyperledger, as well as knowledge of smart contract development and decentralized protocols.",0,0,false,true,Internship,6565dbc11b552b582750a564,6565dd7f1b552b582750a7a5,350,false,https://www.youtube.com/watch?v=gQojMIhELvM&list=PLoYCgNOIyGAB_8_iq1cL8MVeun7cB6eNc,35,65e7c2a09c5c71b1c8fd747c,1709078074431,1709118221505,1,,6565ddab1b552b582750a808,65df12d69c5c71b1c8fd4339,1709118221500,false,65df130d9c5c71b1c8fd4397,6581ca220048a6a683135dbc,,,,,657491f49f5ec2a17cfe3daa,65748f77274b04193293957e
65de752d9c5c71b1c8fd3e7f,UI/UX Design Challenge: Social Media App Redesign,"Redesign the user interface and user experience of a social media app to improve engagement, content discovery, and community interactions. The challenge involves optimizing feed algorithms, enhancing profile customization options, and integrating interactive features for liking, sharing, and commenting. Participants should prioritize user feedback, accessibility, and inclusivity in their redesign efforts.",0,0,false,true,Freelance,6565dbc91b552b582750a569,656dca46f0780635fb101703,140,true,https://www.youtube.com/watch?v=TwDJhUJL-5o,20,657737242a9f72ac0cd595f4,1709077805956,1709077882396,0,65de752e3229038df00339ac,,,,,,,,,,,,
65df31e09c5c71b1c8fd47f6,Content Creation Challenge: Email Newsletter,"Design and curate a weekly email newsletter featuring articles, resources, and updates on topics such as technology trends, entrepreneurship, or lifestyle tips. The challenge involves selecting relevant content, writing concise summaries, and formatting the newsletter for readability and engagement. Participants should demonstrate strong writing skills, curation abilities, and an understanding of audience preferences.",0,0,false,true,Freelance,6565dbc91b552b582750a569,6565dd201b552b582750a78f,60,true,https://www.youtube.com/watch?v=wIuVvCuiJhU,10,,1709126112574,1709144358505,1,,6565dd8d1b552b582750a7c6,65679947ceb352bf75d7bf63,1709144358500,false,65df79269c5c71b1c8fd5320,6581ca220048a6a683135dbc,,,,,,
65df33bf9c5c71b1c8fd497c,Cloud Computing Challenge: Container Orchestration,"Implement a container orchestration solution using tools like Kubernetes or Docker Swarm to manage and scale containerized applications. The challenge involves deploying microservices, configuring load balancing, and automating deployment workflows. Participants should demonstrate proficiency in containerization technologies, cloud platforms, and DevOps practices.",0,0,true,true,Freelance,6565dbc11b552b582750a564,6565ddc01b552b582750a834,280,false,,100,,1709126591711,1709126924850,1,,,65df34199c5c71b1c8fd4a2a,1709126699826,true,65df342b9c5c71b1c8fd4a58,65df335f9c5c71b1c8fd487d,6565dbc91b552b582750a569,65df34c89c5c71b1c8fd4aca,1709126857011,1709130300000,,
65de763a9c5c71b1c8fd402f,Data Engineering Challenge: ETL Pipeline,"Design and implement an ETL (Extract, Transform, Load) pipeline to process and analyze large volumes of data from diverse sources. The challenge involves extracting data from various databases or APIs, transforming it into a unified format, and loading it into a data warehouse or analytics platform. Participants should demonstrate proficiency in ETL tools, database systems, and data processing frameworks.",0,0,false,true,Internship,6565dbc11b552b582750a564,6565dd7f1b552b582750a7a5,250,false,https://www.youtube.com/watch?v=9bZkp7q19f0,25,65e7c2a09c5c71b1c8fd747c,1709078074431,1709118221505,1,,6565ddab1b552b582750a808,65df12d69c5c71b1c8fd4339,1709118221500,false,65df130d9c5c71b1c8fd4397,6581ca220048a6a683135dbc,,,,,657491f49f5ec2a17cfe3daa,65748f77274b04193293957e
65de752d9c5c71b1c8fd3e7f,UI/UX Design Challenge: Music Streaming App Redesign,"Redesign the user interface and user experience of a music streaming app to enhance music discovery, playlist management, and personalized recommendations. The challenge involves optimizing search functionality, improving audio player controls, and integrating social features for sharing music experiences. Participants should prioritize seamless navigation, immersive visuals, and inclusive design in their redesign efforts.",0,0,false,true,Freelance,6565dbc91b552b582750a569,656dca46f0780635fb101703,140,true,https://www.youtube.com/watch?v=TwDJhUJL-5o,20,657737242a9f72ac0cd595f4,1709077805956,1709077882396,0,65de752e3229038df00339ac,,,,,,,,,,,,
65df31e09c5c71b1c8fd47f6,Content Creation Challenge: Social Media Marketing,"Create a social media marketing campaign for a fictional brand or product, focusing on platforms like Facebook, Instagram, or Twitter. The challenge involves developing engaging content, planning posting schedules, and analyzing performance metrics to optimize campaign effectiveness. Participants should demonstrate creativity, strategic thinking, and proficiency in social media analytics tools.",0,0,false,true,Freelance,6565dbc91b552b582750a569,6565dd201b552b582750a78f,80,true,https://www.youtube.com/watch?v=wIuVvCuiJhU,12,,1709126112574,1709144358505,1,,6565dd8d1b552b582750a7c6,65679947ceb352bf75d7bf63,1709144358500,false,65df79269c5c71b1c8fd5320,6581ca220048a6a683135dbc,,,,,,
65df33bf9c5c71b1c8fd497c,Machine Learning Challenge: Image Classification,"Build a machine learning model for image classification tasks using techniques like convolutional neural networks (CNNs). The challenge involves preprocessing image data, training and evaluating models, and optimizing performance metrics such as accuracy or F1 score. Participants should demonstrate proficiency in machine learning libraries like TensorFlow or PyTorch, as well as knowledge of computer vision principles.",0,0,true,true,Freelance,6565dbc11b552b582750a564,6565ddc01b552b582750a834,300,false,,120,,1709126591711,1709126924850,1,,,65df34199c5c71b1c8fd4a2a,1709126699826,true,65df342b9c5c71b1c8fd4a58,65df335f9c5c71b1c8fd487d,6565dbc91b552b582750a569,65df34c89c5c71b1c8fd4aca,1709126857011,1709130300000,,
65de763a9c5c71b1c8fd402f,Web Development Challenge: E-commerce Platform,"Develop an e-commerce platform for online retail, providing features such as product listings, shopping carts, and secure checkout processes. The challenge involves designing responsive web interfaces, implementing backend functionality, and integrating payment gateways. Participants should prioritize usability, performance, and security in their platform design.",0,0,false,true,Internship,6565dbc11b552b582750a564,6565dd7f1b552b582750a7a5,280,false,https://www.youtube.com/watch?v=9bZkp7q19f0,28,65e7c2a09c5c71b1c8fd747c,1709078074431,1709118221505,1,,6565ddab1b552b582750a808,65df12d69c5c71b1c8fd4339,1709118221500,false,65df130d9c5c71b1c8fd4397,6581ca220048a6a683135dbc,,,,,657491f49f5ec2a17cfe3daa,65748f77274b04193293957e
65de752d9c5c71b1c8fd3e7f,UI/UX Design Challenge: Dashboard Redesign,"Redesign the dashboard interface of a data analytics platform to improve data visualization, user insights, and task efficiency. The challenge involves organizing data widgets, enhancing filtering options, and incorporating interactive elements for data exploration. Participants should prioritize clarity, consistency, and accessibility in their redesign efforts.",0,0,false,true,Freelance,6565dbc91b552b582750a569,656dca46f0780635fb101703,120,true,https://www.youtube.com/watch?v=TwDJhUJL-5o,17,657737242a9f72ac0cd595f4,1709077805956,1709077882396,0,65de752e3229038df00339ac,,,,,,,,,,,,
65df31e09c5c71b1c8fd47f6,Content Creation Challenge: Social Media Management,"Manage and grow a social media presence for a fictional brand or organization, creating and curating content across platforms like Facebook, Twitter, and LinkedIn. The challenge involves developing a content strategy, scheduling posts, engaging with followers, and analyzing performance metrics. Participants should demonstrate creativity, communication skills, and an understanding of social media best practices.",0,0,false,true,Freelance,6565dbc91b552b582750a569,6565dd201b552b582750a78f,80,true,https://www.youtube.com/watch?v=wIuVvCuiJhU,12,,1709126112574,1709144358505,1,,6565dd8d1b552b582750a7c6,65679947ceb352bf75d7bf63,1709144358500,false,65df79269c5c71b1c8fd5320,6581ca220048a6a683135dbc,,,,,,
65df33bf9c5c71b1c8fd497c,Software Development Challenge: Chatbot Integration,"Integrate a chatbot into a website or messaging platform to provide automated assistance or information retrieval. The challenge involves designing conversational flows, implementing natural language processing capabilities, and integrating with backend systems or APIs. Participants should prioritize user experience, responsiveness, and accuracy in their chatbot design.",0,0,true,true,Freelance,6565dbc11b552b582750a564,6565ddc01b552b582750a834,250,false,,80,,1709126591711,1709126924850,1,,,65df34199c5c71b1c8fd4a2a,1709126699826,true,65df342b9c5c71b1c8fd4a58,65df335f9c5c71b1c8fd487d,6565dbc91b552b582750a569,65df34c89c5c71b1c8fd4aca,1709126857011,1709130300000,,
65de763a9c5c71b1c8fd402f,Cybersecurity Challenge: Penetration Testing,"Conduct penetration testing on a web application or network infrastructure to identify and exploit security vulnerabilities. The challenge involves reconnaissance, vulnerability assessment, exploitation, and reporting of findings. Participants should demonstrate proficiency in ethical hacking techniques, security tools, and risk assessment methodologies.",0,0,false,true,Internship,6565dbc11b552b582750a564,6565dd7f1b552b582750a7a5,300,false,https://www.youtube.com/watch?v=9bZkp7q19f0,30,65e7c2a09c5c71b1c8fd747c,1709078074431,1709118221505,1,,6565ddab1b552b582750a808,65df12d69c5c71b1c8fd4339,1709118221500,false,65df130d9c5c71b1c8fd4397,6581ca220048a6a683135dbc,,,,,657491f49f5ec2a17cfe3daa,65748f77274b04193293957e
65de752d9c5c71b1c8fd3e7f,UI/UX Design Challenge: Dashboard Redesign,"Redesign the dashboard interface of a data analytics platform to improve data visualization, user insights, and task efficiency. The challenge involves organizing data widgets, enhancing filtering options, and incorporating interactive elements for data exploration. Participants should prioritize clarity, consistency, and accessibility in their redesign efforts.",0,0,false,true,Freelance,6565dbc91b552b582750a569,656dca46f0780635fb101703,120,true,https://www.youtube.com/watch?v=TwDJhUJL-5o,17,657737242a9f72ac0cd595f4,1709077805956,1709077882396,0,65de752e3229038df00339ac,,,,,,,,,,,,
65df31e09c5c71b1c8fd47f6,Content Creation Challenge: Blogging,"Write informative and engaging blog posts on topics such as technology trends, lifestyle tips, or industry insights. The challenge involves researching relevant topics, crafting compelling narratives, and optimizing posts for SEO and reader engagement. Participants should demonstrate strong writing skills, creativity, and expertise in their chosen subject matter.",0,0,false,true,Freelance,6565dbc91b552b582750a569,6565dd201b552b582750a78f,60,true,https://www.youtube.com/watch?v=wIuVvCuiJhU,10,,1709126112574,1709144358505,1,,6565dd8d1b552b582750a7c6,65679947ceb352bf75d7bf63,1709144358500,false,65df79269c5c71b1c8fd5320,6581ca220048a6a683135dbc,,,,,,
65df33bf9c5c71b1c8fd497c,Full-stack Development Challenge: Social Network,"Build a full-stack web application for social networking, allowing users to create profiles, connect with friends, and share content. The challenge involves designing database schemas, implementing user authentication, and developing interactive front-end features. Participants should demonstrate proficiency in web development frameworks like React, Angular, or Vue.js, as well as backend technologies like Node.js, Django, or Flask.",0,0,true,true,Freelance,6565dbc11b552b582750a564,6565ddc01b552b582750a834,350,false,,150,,1709126591711,1709126924850,1,,,65df34199c5c71b1c8fd4a2a,1709126699826,true,65df342b9c5c71b1c8fd4a58,65df335f9c5c71b1c8fd487d,6565dbc91b552b582750a569,65df34c89c5c71b1c8fd4aca,1709126857011,1709130300000,,
65de763a9c5c71b1c8fd402f,Cloud Computing Challenge: Serverless Architecture,"Design and implement a serverless architecture for a scalable and cost-effective cloud application. The challenge involves defining serverless functions, configuring event triggers, and optimizing resource utilization using platforms like AWS Lambda or Azure Functions. Participants should demonstrate expertise in cloud computing concepts, microservices architecture, and serverless frameworks.",0,0,false,true,Internship,6565dbc11b552b582750a564,6565dd7f1b552b582750a7a5,300,false,https://www.youtube.com/watch?v=9bZkp7q19f0,30,65e7c2a09c5c71b1c8fd747c,1709078074431,1709118221505,1,,6565ddab1b552b582750a808,65df12d69c5c71b1c8fd4339,1709118221500,false,65df130d9c5c71b1c8fd4397,6581ca220048a6a683135dbc,,,,,657491f49f5ec2a17cfe3daa,65748f77274b04193293957e
65de752d9c5c71b1c8fd3e7f,UI/UX Design Challenge: Dashboard Redesign,"Redesign the dashboard interface of a data analytics platform to improve data visualization, user insights, and task efficiency. The challenge involves organizing data widgets, enhancing filtering options, and incorporating interactive elements for data exploration. Participants should prioritize clarity, consistency, and accessibility in their redesign efforts.",0,0,false,true,Freelance,6565dbc91b552b582750a569,656dca46f0780635fb101703,120,true,https://www.youtube.com/watch?v=TwDJhUJL-5o,17,657737242a9f72ac0cd595f4,1709077805956,1709077882396,0,65de752e3229038df00339ac,,,,,,,,,,,,
65df31e09c5c71b1c8fd47f6,Content Creation Challenge: Social Media Management,"Manage and grow a social media presence for a fictional brand or organization, creating and curating content across platforms like Facebook, Twitter, and LinkedIn. The challenge involves developing a content strategy, scheduling posts, engaging with followers, and analyzing performance metrics. Participants should demonstrate creativity, communication skills, and an understanding of social media best practices.",0,0,false,true,Freelance,6565dbc91b552b582750a569,6565dd201b552b582750a78f,80,true,https://www.youtube.com/watch?v=wIuVvCuiJhU,12,,1709126112574,1709144358505,1,,6565dd8d1b552b582750a7c6,65679947ceb352bf75d7bf63,1709144358500,false,65df79269c5c71b1c8fd5320,6581ca220048a6a683135dbc,,,,,,
65df33bf9c5c71b1c8fd497c,Machine Learning Challenge: Natural Language Processing,"Develop machine learning models for natural language processing tasks such as sentiment analysis, named entity recognition, or text classification. The challenge involves preprocessing text data, training and evaluating models, and optimizing performance metrics using techniques like word embeddings or recurrent neural networks. Participants should demonstrate proficiency in machine learning libraries like TensorFlow or PyTorch, as well as knowledge of NLP algorithms and techniques.",0,0,true,true,Freelance,6565dbc11b552b582750a564,6565ddc01b552b582750a834,300,false,,120,,1709126591711,1709126924850,1,,,65df34199c5c71b1c8fd4a2a,1709126699826,true,65df342b9c5c71b1c8fd4a58,65df335f9c5c71b1c8fd487d,6565dbc91b552b582750a569,65df34c89c5c71b1c8fd4aca,1709126857011,1709130300000,,
65de763a9c5c71b1c8fd402f,Web Development Challenge: Online Marketplace,"Build an online marketplace platform for buying and selling goods or services, featuring user profiles, listings, and transaction processing. The challenge involves designing database schemas, implementing search functionality, and integrating payment gateways. Participants should prioritize security, scalability, and user experience in their platform design.",0,0,false,true,Internship,6565dbc11b552b582750a564,6565dd7f1b552b582750a7a5,280,false,https://www.youtube.com/watch?v=9bZkp7q19f0,28,65e7c2a09c5c71b1c8fd747c,1709078074431,1709118221505,1,,6565ddab1b552b582750a808,65df12d69c5c71b1c8fd4339,1709118221500,false,65df130d9c5c71b1c8fd4397,6581ca220048a6a683135dbc,,,,,657491f49f5ec2a17cfe3daa,65748f77274b04193293957e
65de752d9c5c71b1c8fd3e7f,UI/UX Design Challenge: Dashboard Redesign,"Redesign the dashboard interface of a data analytics platform to improve data visualization, user insights, and task efficiency. The challenge involves organizing data widgets, enhancing filtering options, and incorporating interactive elements for data exploration. Participants should prioritize clarity, consistency, and accessibility in their redesign efforts.",0,0,false,true,Freelance,6565dbc91b552b582750a569,656dca46f0780635fb101703,120,true,https://www.youtube.com/watch?v=TwDJhUJL-5o,17,657737242a9f72ac0cd595f4,1709077805956,1709077882396,0,65de752e3229038df00339ac,,,,,,,,,,,,
65df31e09c5c71b1c8fd47f6,Content Creation Challenge: Social Media Management,"Manage and grow a social media presence for a fictional brand or organization, creating and curating content across platforms like Facebook, Twitter, and LinkedIn. The challenge involves developing a content strategy, scheduling posts, engaging with followers, and analyzing performance metrics. Participants should demonstrate creativity, communication skills, and an understanding of social media best practices.",0,0,false,true,Freelance,6565dbc91b552b582750a569,6565dd201b552b582750a78f,80,true,https://www.youtube.com/watch?v=wIuVvCuiJhU,12,,1709126112574,1709144358505,1,,6565dd8d1b552b582750a7c6,65679947ceb352bf75d7bf63,1709144358500,false,65df79269c5c71b1c8fd5320,6581ca220048a6a683135dbc,,,,,,
65df33bf9c5c71b1c8fd497c,Software Development Challenge: API Integration,"Integrate third-party APIs into a web or mobile application to enhance functionality or access external services. The challenge involves identifying suitable APIs, implementing API requests and responses, and handling errors or rate limits. Participants should prioritize security, reliability, and scalability in their API integration.",0,0,true,true,Freelance,6565dbc11b552b582750a564,6565ddc01b552b582750a834,250,false,,80,,1709126591711,1709126924850,1,,,65df34199c5c71b1c8fd4a2a,1709126699826,true,65df342b9c5c71b1c8fd4a58,65df335f9c5c71b1c8fd487d,6565dbc91b552b582750a569,65df34c89c5c71b1c8fd4aca,1709126857011,1709130300000,,
65de763a9c5c71b1c8fd402f,Cloud Computing Challenge: Serverless Architecture,"Design and implement a serverless architecture for a scalable and cost-effective cloud application. The challenge involves defining serverless functions, configuring event triggers, and optimizing resource utilization using platforms like AWS Lambda or Azure Functions. Participants should demonstrate expertise in cloud computing concepts, microservices architecture, and serverless frameworks.",0,0,false,true,Internship,6565dbc11b552b582750a564,6565dd7f1b552b582750a7a5,300,false,https://www.youtube.com/watch?v=9bZkp7q19f0,30,65e7c2a09c5c71b1c8fd747c,1709078074431,1709118221505,1,,6565ddab1b552b582750a808,65df12d69c5c71b1c8fd4339,1709118221500,false,65df130d9c5c71b1c8fd4397,6581ca220048a6a683135dbc,,,,,657491f49f5ec2a17cfe3daa,65748f77274b04193293957e
65de752d9c5c71b1c8fd3e7f,UI/UX Design Challenge: Dashboard Redesign,"Redesign the dashboard interface of a data analytics platform to improve data visualization, user insights, and task efficiency. The challenge involves organizing data widgets, enhancing filtering options, and incorporating interactive elements for data exploration. Participants should prioritize clarity, consistency, and accessibility in their redesign efforts.",0,0,false,true,Freelance,6565dbc91b552b582750a569,656dca46f0780635fb101703,120,true,https://www.youtube.com/watch?v=TwDJhUJL-5o,17,657737242a9f72ac0cd595f4,1709077805956,1709077882396,0,65de752e3229038df00339ac,,,,,,,,,,,,
65df31e09c5c71b1c8fd47f6,Content Creation Challenge: Social Media Management,"Manage and grow a social media presence for a fictional brand or organization, creating and curating content across platforms like Facebook, Twitter, and LinkedIn. The challenge involves developing a content strategy, scheduling posts, engaging with followers, and analyzing performance metrics. Participants should demonstrate creativity, communication skills, and an understanding of social media best practices.",0,0,false,true,Freelance,6565dbc91b552b582750a569,6565dd201b552b582750a78f,80,true,https://www.youtube.com/watch?v=wIuVvCuiJhU,12,,1709126112574,1709144358505,1,,6565dd8d1b552b582750a7c6,65679947ceb352bf75d7bf63,1709144358500,false,65df79269c5c71b1c8fd5320,6581ca220048a6a683135dbc,,,,,,
65df33bf9c5c71b1c8fd497c,Machine Learning Challenge: Recommendation System,"Build a recommendation system for personalized content or product recommendations based on user preferences and behavior. The challenge involves collecting and analyzing user data, training recommendation models, and deploying them to production environments. Participants should demonstrate proficiency in machine learning algorithms, collaborative filtering techniques, and scalable infrastructure.",0,0,true,true,Freelance,6565dbc11b552b582750a564,6565ddc01b552b582750a834,350,false,,150,,1709126591711,1709126924850,1,,,65df34199c5c71b1c8fd4a2a,1709126699826,true,65df342b9c5c71b1c8fd4a58,65df335f9c5c71b1c8fd487d,6565dbc91b552b582750a569,65df34c89c5c71b1c8fd4aca,1709126857011,1709130300000,,
65de763a9c5c71b1c8fd402f,Data Science Challenge: Predictive Modeling,"Develop predictive models for tasks such as sales forecasting, customer churn prediction, or risk assessment. The challenge involves collecting and preprocessing data, selecting appropriate features, training and evaluating models, and interpreting results. Participants should demonstrate proficiency in machine learning techniques, statistical analysis, and data visualization.",0,0,false,true,Internship,6565dbc11b552b582750a564,6565dd7f1b552b582750a7a5,280,false,https://www.youtube.com/watch?v=9bZkp7q19f0,28,65e7c2a09c5c71b1c8fd747c,1709078074431,1709118221505,1,,6565ddab1b552b582750a808,65df12d69c5c71b1c8fd4339,1709118221500,false,65df130d9c5c71b1c8fd4397,6581ca220048a6a683135dbc,,,,,657491f49f5ec2a17cfe3daa,65748f77274b04193293957e
65de752d9c5c71b1c8fd3e7f,UI/UX Design Challenge: Dashboard Redesign,"Redesign the dashboard interface of a data analytics platform to improve data visualization, user insights, and task efficiency. The challenge involves organizing data widgets, enhancing filtering options, and incorporating interactive elements for data exploration. Participants should prioritize clarity, consistency, and accessibility in their redesign efforts.",0,0,false,true,Freelance,6565dbc91b552b582750a569,656dca46f0780635fb101703,120,true,https://www.youtube.com/watch?v=TwDJhUJL-5o,17,657737242a9f72ac0cd595f4,1709077805956,1709077882396,0,65de752e3229038df00339ac,,,,,,,,,,,,
65df31e09c5c71b1c8fd47f6,Content Creation Challenge: Social Media Management,"Manage and grow a social media presence for a fictional brand or organization, creating and curating content across platforms like Facebook, Twitter, and LinkedIn. The challenge involves developing a content strategy, scheduling posts, engaging with followers, and analyzing performance metrics. Participants should demonstrate creativity, communication skills, and an understanding of social media best practices.",0,0,false,true,Freelance,6565dbc91b552b582750a569,6565dd201b552b582750a78f,80,true,https://www.youtube.com/watch?v=wIuVvCuiJhU,12,,1709126112574,1709144358505,1,,6565dd8d1b552b582750a7c6,65679947ceb352bf75d7bf63,1709144358500,false,65df79269c5c71b1c8fd5320,6581ca220048a6a683135dbc,,,,,,
65df33bf9c5c71b1c8fd497c,Software Development Challenge: Microservices Architecture,"Design and implement a microservices architecture for a scalable and resilient cloud application. The challenge involves defining service boundaries, managing inter-service communication, and deploying services using containerization or serverless technologies. Participants should demonstrate expertise in distributed systems, cloud platforms, and API design.",0,0,true,true,Freelance,6565dbc11b552b582750a564,6565ddc01b552b582750a834,350,false,,150,,1709126591711,1709126924850,1,,,65df34199c5c71b1c8fd4a2a,1709126699826,true,65df342b9c5c71b1c8fd4a58,65df335f9c5c71b1c8fd487d,6565dbc91b552b582750a569,65df34c89c5c71b1c8fd4aca,1709126857011,1709130300000,,
65de763a9c5c71b1c8fd402f,Mobile Development Challenge: Cross-platform App,"Develop a cross-platform mobile application using frameworks like React Native or Flutter, targeting both iOS and Android devices. The challenge involves designing responsive layouts, implementing native device features, and optimizing performance for mobile environments. Participants should prioritize user experience, code reusability, and platform compatibility in their app development.",0,0,false,true,Internship,6565dbc11b552b582750a564,6565dd7f1b552b582750a7a5,280,false,https://www.youtube.com/watch?v=9bZkp7q19f0,28,65e7c2a09c5c71b1c8fd747c,1709078074431,1709118221505,1,,6565ddab1b552b582750a808,65df12d69c5c71b1c8fd4339,1709118221500,false,65df130d9c5c71b1c8fd4397,6581ca220048a6a683135dbc,,,,,657491f49f5ec2a17cfe3daa,65748f77274b04193293957e
65de752d9c5c71b1c8fd3e7f,UI/UX Design Challenge: Dashboard Redesign,"Redesign the dashboard interface of a data analytics platform to improve data visualization, user insights, and task efficiency. The challenge involves organizing data widgets, enhancing filtering options, and incorporating interactive elements for data exploration. Participants should prioritize clarity, consistency, and accessibility in their redesign efforts.",0,0,false,true,Freelance,6565dbc91b552b582750a569,656dca46f0780635fb101703,120,true,https://www.youtube.com/watch?v=TwDJhUJL-5o,17,657737242a9f72ac0cd595f4,1709077805956,1709077882396,0,65de752e3229038df00339ac,,,,,,,,,,,,
65df31e09c5c71b1c8fd47f6,Content Creation Challenge: Social Media Marketing,"Create a social media marketing campaign for a fictional brand or product, focusing on platforms like Facebook, Instagram, or Twitter. The challenge involves developing engaging content, planning posting schedules, and analyzing performance metrics to optimize campaign effectiveness. Participants should demonstrate creativity, strategic thinking, and proficiency in social media analytics tools.",0,0,false,true,Freelance,6565dbc91b552b582750a569,6565dd201b552b582750a78f,80,true,https://www.youtube.com/watch?v=wIuVvCuiJhU,12,,1709126112574,1709144358505,1,,6565dd8d1b552b582750a7c6,65679947ceb352bf75d7bf63,1709144358500,false,65df79269c5c71b1c8fd5320,6581ca220048a6a683135dbc,,,,,,
65df33bf9c5c71b1c8fd497c,Machine Learning Challenge: Image Classification,"Build a machine learning model for image classification tasks using techniques like convolutional neural networks (CNNs). The challenge involves preprocessing image data, training and evaluating models, and optimizing performance metrics such as accuracy or F1 score. Participants should demonstrate proficiency in machine learning libraries like TensorFlow or PyTorch, as well as knowledge of computer vision principles.",0,0,true,true,Freelance,6565dbc11b552b582750a564,6565ddc01b552b582750a834,300,false,,120,,1709126591711,1709126924850,1,,,65df34199c5c71b1c8fd4a2a,1709126699826,true,65df342b9c5c71b1c8fd4a58,65df335f9c5c71b1c8fd487d,6565dbc91b552b582750a569,65df34c89c5c71b1c8fd4aca,1709126857011,1709130300000,,
65de763a9c5c71b1c8fd402f,Web Development Challenge: E-commerce Platform,"Develop an e-commerce platform for online retail, providing features such as product listings, shopping carts, and secure checkout processes. The challenge involves designing responsive web interfaces, implementing backend functionality, and integrating payment gateways. Participants should prioritize usability, performance, and security in their platform design.",0,0,false,true,Internship,6565dbc11b552b582750a564,6565dd7f1b552b582750a7a5,280,false,https://www.youtube.com/watch?v=9bZkp7q19f0,28,65e7c2a09c5c71b1c8fd747c,1709078074431,1709118221505,1,,6565ddab1b552b582750a808,65df12d69c5c71b1c8fd4339,1709118221500,false,65df130d9c5c71b1c8fd4397,6581ca220048a6a683135dbc,,,,,657491f49f5ec2a17cfe3daa,65748f77274b04193293957e
65de752d9c5c71b1c8fd3e7f,UI/UX Design Challenge: Dashboard Redesign,"Redesign the dashboard interface of a data analytics platform to improve data visualization, user insights, and task efficiency. The challenge involves organizing data widgets, enhancing filtering options, and incorporating interactive elements for data exploration. Participants should prioritize clarity, consistency, and accessibility in their redesign efforts.",0,0,false,true,Freelance,6565dbc91b552b582750a569,656dca46f0780635fb101703,120,true,https://www.youtube.com/watch?v=TwDJhUJL-5o,17,657737242a9f72ac0cd595f4,1709077805956,1709077882396,0,65de752e3229038df00339ac,,,,,,,,,,,,
65df31e09c5c71b1c8fd47f6,Content Creation Challenge: Social Media Marketing,"Create a social media marketing campaign for a fictional brand or product, focusing on platforms like Facebook, Instagram, or Twitter. The challenge involves developing engaging content, planning posting schedules, and analyzing performance metrics to optimize campaign effectiveness. Participants should demonstrate creativity, strategic thinking, and proficiency in social media analytics tools.",0,0,false,true,Freelance,6565dbc91b552b582750a569,6565dd201b552b582750a78f,80,true,https://www.youtube.com/watch?v=wIuVvCuiJhU,12,,1709126112574,1709144358505,1,,6565dd8d1b552b582750a7c6,65679947ceb352bf75d7bf63,1709144358500,false,65df79269c5c71b1c8fd5320,6581ca220048a6a683135dbc,,,,,,
65df33bf9c5c71b1c8fd497c,Machine Learning Challenge: Natural Language Processing,"Develop machine learning models for natural language processing tasks such as sentiment analysis, named entity recognition, or text classification. The challenge involves preprocessing text data, training and evaluating models, and optimizing performance metrics using techniques like word embeddings or recurrent neural networks. Participants should demonstrate proficiency in machine learning libraries like TensorFlow or PyTorch, as well as knowledge of NLP algorithms and techniques.",0,0,true,true,Freelance,6565dbc11b552b582750a564,6565ddc01b552b582750a834,300,false,,120,,1709126591711,1709126924850,1,,,65df34199c5c71b1c8fd4a2a,1709126699826,true,65df342b9c5c71b1c8fd4a58,65df335f9c5c71b1c8fd487d,6565dbc91b552b582750a569,65df34c89c5c71b1c8fd4aca,1709126857011,1709130300000,,
65de763a9c5c71b1c8fd402f,Data Science Challenge: Predictive Modeling,"Develop predictive models for tasks such as sales forecasting, customer churn prediction, or risk assessment. The challenge involves collecting and preprocessing data, selecting appropriate features, training and evaluating models, and interpreting results. Participants should demonstrate proficiency in machine learning techniques, statistical analysis, and data visualization.",0,0,false,true,Internship,6565dbc11b552b582750a564,6565dd7f1b552b582750a7a5,280,false,https://www.youtube.com/watch?v=9bZkp7q19f0,28,65e7c2a09c5c71b1c8fd747c,1709078074431,1709118221505,1,,6565ddab1b552b582750a808,65df12d69c5c71b1c8fd4339,1709118221500,false,65df130d9c5c71b1c8fd4397,6581ca220048a6a683135dbc,,,,,657491f49f5ec2a17cfe3daa,65748f77274b04193293957e
65de752d9c5c71b1c8fd3e7f,UI/UX Design Challenge: Dashboard Redesign,"Redesign the dashboard interface of a data analytics platform to improve data visualization, user insights, and task efficiency. The challenge involves organizing data widgets, enhancing filtering options, and incorporating interactive elements for data exploration. Participants should prioritize clarity, consistency, and accessibility in their redesign efforts.",0,0,false,true,Freelance,6565dbc91b552b582750a569,656dca46f0780635fb101703,120,true,https://www.youtube.com/watch?v=TwDJhUJL-5o,17,657737242a9f72ac0cd595f4,1709077805956,1709077882396,0,65de752e3229038df00339ac,,,,,,,,,,,,
65df31e09c5c71b1c8fd47f6,Content Creation Challenge: Blogging,"Write informative and engaging blog posts on topics such as technology trends, lifestyle tips, or industry insights. The challenge involves researching relevant topics, crafting compelling narratives, and optimizing posts for SEO and reader engagement. Participants should demonstrate strong writing skills, creativity, and expertise in their chosen subject matter.",0,0,false,true,Freelance,6565dbc91b552b582750a569,6565dd201b552b582750a78f,60,true,https://www.youtube.com/watch?v=wIuVvCuiJhU,10,,1709126112574,1709144358505,1,,6565dd8d1b552b582750a7c6,65679947ceb352bf75d7bf63,1709144358500,false,65df79269c5c71b1c8fd5320,6581ca220048a6a683135dbc,,,,,,
65df33bf9c5c71b1c8fd497c,Full-stack Development Challenge: Social Network,"Build a full-stack web application for social networking, allowing users to create profiles, connect with friends, and share content. The challenge involves designing database schemas, implementing user authentication, and developing interactive front-end features. Participants should demonstrate proficiency in web development frameworks like React, Angular, or Vue.js, as well as backend technologies like Node.js, Django, or Flask.",0,0,true,true,Freelance,6565dbc11b552b582750a564,6565ddc01b552b582750a834,350,false,,150,,1709126591711,1709126924850,1,,,65df34199c5c71b1c8fd4a2a,1709126699826,true,65df342b9c5c71b1c8fd4a58,65df335f9c5c71b1c8fd487d,6565dbc91b552b582750a569,65df34c89c5c71b1c8fd4aca,1709126857011,1709130300000,,
65de763a9c5c71b1c8fd402f,Cloud Computing Challenge: Serverless Architecture,"Design and implement a serverless architecture for a scalable and cost-effective cloud application. The challenge involves defining serverless functions, configuring event triggers, and optimizing resource utilization using platforms like AWS Lambda or Azure Functions. Participants should demonstrate expertise in cloud computing concepts, microservices architecture, and serverless frameworks.",0,0,false,true,Internship,6565dbc11b552b582750a564,6565dd7f1b552b582750a7a5,300,false,https://www.youtube.com/watch?v=9bZkp7q19f0,30,65e7c2a09c5c71b1c8fd747c,1709078074431,1709118221505,1,,6565ddab1b552b582750a808,65df12d69c5c71b1c8fd4339,1709118221500,false,65df130d9c5c71b1c8fd4397,6581ca220048a6a683135dbc,,,,,657491f49f5ec2a17cfe3daa,65748f77274b04193293957e
65de752d9c5c71b1c8fd3e7f,UI/UX Design Challenge: Dashboard Redesign,"Redesign the dashboard interface of a data analytics platform to improve data visualization, user insights, and task efficiency. The challenge involves organizing data widgets, enhancing filtering options, and incorporating interactive elements for data exploration. Participants should prioritize clarity, consistency, and accessibility in their redesign efforts.",0,0,false,true,Freelance,6565dbc91b552b582750a569,656dca46f0780635fb101703,120,true,https://www.youtube.com/watch?v=TwDJhUJL-5o,17,657737242a9f72ac0cd595f4,1709077805956,1709077882396,0,65de752e3229038df00339ac,,,,,,,,,,,,
65df31e09c5c71b1c8fd47f6,Content Creation Challenge: Blogging,"Write informative and engaging blog posts on topics such as technology trends, lifestyle tips, or industry insights. The challenge involves researching relevant topics, crafting compelling narratives, and optimizing posts for SEO and reader engagement. Participants should demonstrate strong writing skills, creativity, and expertise in their chosen subject matter.",0,0,false,true,Freelance,6565dbc91b552b582750a569,6565dd201b552b582750a78f,60,true,https://www.youtube.com/watch?v=wIuVvCuiJhU,10,,1709126112574,1709144358505,1,,6565dd8d1b552b582750a7c6,65679947ceb352bf75d7bf63,1709144358500,false,65df79269c5c71b1c8fd5320,6581ca220048a6a683135dbc,,,,,,
65df33bf9c5c71b1c8fd497c,Machine Learning Challenge: Natural Language Processing,"Develop machine learning models for natural language processing tasks such as sentiment analysis, named entity recognition, or text classification. The challenge involves preprocessing text data, training and evaluating models, and optimizing performance metrics using techniques like word embeddings or recurrent neural networks. Participants should demonstrate proficiency in machine learning libraries like TensorFlow or PyTorch, as well as knowledge of NLP algorithms and techniques.",0,0,true,true,Freelance,6565dbc11b552b582750a564,6565ddc01b552b582750a834,300,false,,120,,1709126591711,1709126924850,1,,,65df34199c5c71b1c8fd4a2a,1709126699826,true,65df342b9c5c71b1c8fd4a58,65df335f9c5c71b1c8fd487d,6565dbc91b552b582750a569,65df34c89c5c71b1c8fd4aca,1709126857011,1709130300000,,
65de763a9c5c71b1c8fd402f,Web Development Challenge: E-commerce Platform,"Develop an e-commerce platform for online retail, providing features such as product listings, shopping carts, and secure checkout processes. The challenge involves designing responsive web interfaces, implementing backend functionality, and integrating payment gateways. Participants should prioritize usability, performance, and security in their platform design.",0,0,false,true,Internship,6565dbc11b552b582750a564,6565dd7f1b552b582750a7a5,280,false,https://www.youtube.com/watch?v=9bZkp7q19f0,28,65e7c2a09c5c71b1c8fd747c,1709078074431,1709118221505,1,,6565ddab1b552b582750a808,65df12d69c5c71b1c8fd4339,1709118221500,false,65df130d9c5c71b1c8fd4397,6581ca220048a6a683135dbc,,,,,657491f49f5ec2a17cfe3daa,65748f77274b04193293957e
65de752d9c5c71b1c8fd3e7f,UI/UX Design Challenge: Dashboard Redesign,"Redesign the dashboard interface of a data analytics platform to improve data visualization, user insights, and task efficiency. The challenge involves organizing data widgets, enhancing filtering options, and incorporating interactive elements for data exploration. Participants should prioritize clarity, consistency, and accessibility in their redesign efforts.",0,0,false,true,Freelance,6565dbc91b552b582750a569,656dca46f0780635fb101703,120,true,https://www.youtube.com/watch?v=TwDJhUJL-5o,17,657737242a9f72ac0cd595f4,1709077805956,1709077882396,0,65de752e3229038df00339ac,,,,,,,,,,,,
65df31e09c5c71b1c8fd47f6,Content Creation Challenge: Blogging,"Write informative and engaging blog posts on topics such as technology trends, lifestyle tips, or industry insights. The challenge involves researching relevant topics, crafting compelling narratives, and optimizing posts for SEO and reader engagement. Participants should demonstrate strong writing skills, creativity, and expertise in their chosen subject matter.",0,0,false,true,Freelance,6565dbc91b552b582750a569,6565dd201b552b582750a78f,60,true,https://www.youtube.com/watch?v=wIuVvCuiJhU,10,,1709126112574,1709144358505,1,,6565dd8d1b552b582750a7c6,65679947ceb352bf75d7bf63,1709144358500,false,65df79269c5c71b1c8fd5320,6581ca220048a6a683135dbc,,,,,,
65df33bf9c5c71b1c8fd497c,Machine Learning Challenge: Image Classification,"Build a machine learning model for image classification tasks using techniques like convolutional neural networks (CNNs). The challenge involves preprocessing image data, training and evaluating models, and optimizing performance metrics such as accuracy or F1 score. Participants should demonstrate proficiency in machine learning libraries like TensorFlow or PyTorch, as well as knowledge of computer vision principles.",0,0,true,true,Freelance,6565dbc11b552b582750a564,6565ddc01b552b582750a834,300,false,,120,,1709126591711,1709126924850,1,,,65df34199c5c71b1c8fd4a2a,1709126699826,true,65df342b9c5c71b1c8fd4a58,65df335f9c5c71b1c8fd487d,6565dbc91b552b582750a569,65df34c89c5c71b1c8fd4aca,1709126857011,1709130300000,,
65de763a9c5c71b1c8fd402f,Data Science Challenge: Predictive Modeling,"Develop predictive models for tasks such as sales forecasting, customer churn prediction, or risk assessment. The challenge involves collecting and preprocessing data, selecting appropriate features, training and evaluating models, and interpreting results. Participants should demonstrate proficiency in machine learning techniques, statistical analysis, and data visualization.",0,0,false,true,Internship,6565dbc11b552b582750a564,6565dd7f1b552b582750a7a5,280,false,https://www.youtube.com/watch?v=9bZkp7q19f0,28,65e7c2a09c5c71b1c8fd747c,1709078074431,1709118221505,1,,6565ddab1b552b582750a808,65df12d69c5c71b1c8fd4339,1709118221500,false,65df130d9c5c71b1c8fd4397,6581ca220048a6a683135dbc,,,,,657491f49f5ec2a17cfe3daa,65748f77274b04193293957e
65de752d9c5c71b1c8fd3e7f,UI/UX Design Challenge: Dashboard Redesign,"Redesign the dashboard interface of a data analytics platform to improve data visualization, user insights, and task efficiency. The challenge involves organizing data widgets, enhancing filtering options, and incorporating interactive elements for data exploration. Participants should prioritize clarity, consistency, and accessibility in their redesign efforts.",0,0,false,true,Freelance,6565dbc91b552b582750a569,656dca46f0780635fb101703,120,true,https://www.youtube.com/watch?v=TwDJhUJL-5o,17,657737242a9f72ac0cd595f4,1709077805956,1709077882396,0,65de752e3229038df00339ac,,,,,,,,,,,,
65df31e09c5c71b1c8fd47f6,Content Creation Challenge: Blogging,"Write informative and engaging blog posts on topics such as technology trends, lifestyle tips, or industry insights. The challenge involves researching relevant topics, crafting compelling narratives, and optimizing posts for SEO and reader engagement. Participants should demonstrate strong writing skills, creativity, and expertise in their chosen subject matter.",0,0,false,true,Freelance,6565dbc91b552b582750a569,6565dd201b552b582750a78f,60,true,https://www.youtube.com/watch?v=wIuVvCuiJhU,10,,1709126112574,1709144358505,1,,6565dd8d1b552b582750a7c6,65679947ceb352bf75d7bf63,1709144358500,false,65df79269c5c71b1c8fd5320,6581ca220048a6a683135dbc,,,,,,
65df33bf9c5c71b1c8fd497c,Machine Learning Challenge: Natural Language Processing,"Develop machine learning models for natural language processing tasks such as sentiment analysis, named entity recognition, or text classification. The challenge involves preprocessing text data, training and evaluating models, and optimizing performance metrics using techniques like word embeddings or recurrent neural networks. Participants should demonstrate proficiency in machine learning libraries like TensorFlow or PyTorch, as well as knowledge of NLP algorithms and techniques.",0,0,true,true,Freelance,6565dbc11b552b582750a564,6565ddc01b552b582750a834,300,false,,120,,1709126591711,1709126924850,1,,,65df34199c5c71b1c8fd4a2a,1709126699826,true,65df342b9c5c71b1c8fd4a58,65df335f9c5c71b1c8fd487d,6565dbc91b552b582750a569,65df34c89c5c71b1c8fd4aca,1709126857011,1709130300000,,
65de763a9c5c71b1c8fd402f,Web Development Challenge: E-commerce Platform,"Develop an e-commerce platform for online retail, providing features such as product listings, shopping carts, and secure checkout processes. The challenge involves designing responsive web interfaces, implementing backend functionality, and integrating payment gateways. Participants should prioritize usability, performance, and security in their platform design.",0,0,false,true,Internship,6565dbc11b552b582750a564,6565dd7f1b552b582750a7a5,280,false,https://www.youtube.com/watch?v=9bZkp7q19f0,28,65e7c2a09c5c71b1c8fd747c,1709078074431,1709118221505,1,,6565ddab1b552b582750a808,65df12d69c5c71b1c8fd4339,1709118221500,false,65df130d9c5c71b1c8fd4397,6581ca220048a6a683135dbc,,,,,657491f49f5ec2a17cfe3daa,65748f77274b04193293957e
65de752d9c5c71b1c8fd3e7f,UI/UX Design Challenge: Dashboard Redesign,"Redesign the dashboard interface of a data analytics platform to improve data visualization, user insights, and task efficiency. The challenge involves organizing data widgets, enhancing filtering options, and incorporating interactive elements for data exploration. Participants should prioritize clarity, consistency, and accessibility in their redesign efforts.",0,0,false,true,Freelance,6565dbc91b552b582750a569,656dca46f0780635fb101703,120,true,https://www.youtube.com/watch?v=TwDJhUJL-5o,17,657737242a9f72ac0cd595f4,1709077805956,1709077882396,0,65de752e3229038df00339ac,,,,,,,,,,,,
65df31e09c5c71b1c8fd47f6,Content Creation Challenge: Blogging,"Write informative and engaging blog posts on topics such as technology trends, lifestyle tips, or industry insights. The challenge involves researching relevant topics, crafting compelling narratives, and optimizing posts for SEO and reader engagement. Participants should demonstrate strong writing skills, creativity, and expertise in their chosen subject matter.",0,0,false,true,Freelance,6565dbc91b552b582750a569,6565dd201b552b582750a78f,60,true,https://www.youtube.com/watch?v=wIuVvCuiJhU,10,,1709126112574,1709144358505,1,,6565dd8d1b552b582750a7c6,65679947ceb352bf75d7bf63,1709144358500,false,65df79269c5c71b1c8fd5320,6581ca220048a6a683135dbc,,,,,,
65df33bf9c5c71b1c8fd497c,Machine Learning Challenge: Image Classification,"Build a machine learning model for image classification tasks using techniques like convolutional neural networks (CNNs). The challenge involves preprocessing image data, training and evaluating models, and optimizing performance metrics such as accuracy or F1 score. Participants should demonstrate proficiency in machine learning libraries like TensorFlow or PyTorch, as well as knowledge of computer vision principles.",0,0,true,true,Freelance,6565dbc11b552b582750a564,6565ddc01b552b582750a834,300,false,,120,,1709126591711,1709126924850,1,,,65df34199c5c71b1c8fd4a2a,1709126699826,true,65df342b9c5c71b1c8fd4a58,65df335f9c5c71b1c8fd487d,6565dbc91b552b582750a569,65df34c89c5c71b1c8fd4aca,1709126857011,1709130300000,,
65de763a9c5c71b1c8fd402f,Data Science Challenge: Predictive Modeling,"Develop predictive models for tasks such as sales forecasting, customer churn prediction, or risk assessment. The challenge involves collecting and preprocessing data, selecting appropriate features, training and evaluating models, and interpreting results. Participants should demonstrate proficiency in machine learning techniques, statistical analysis, and data visualization.",0,0,false,true,Internship,6565dbc11b552b582750a564,6565dd7f1b552b582750a7a5,280,false,https://www.youtube.com/watch?v=9bZkp7q19f0,28,65e7c2a09c5c71b1c8fd747c,1709078074431,1709118221505,1,,6565ddab1b552b582750a808,65df12d69c5c71b1c8fd4339,1709118221500,false,65df130d9c5c71b1c8fd4397,6581ca220048a6a683135dbc,,,,,657491f49f5ec2a17cfe3daa,65748f77274b04193293957e
65de752d9c5c71b1c8fd3e7f,UI/UX Design Challenge: Dashboard Redesign,"Redesign the dashboard interface of a data analytics platform to improve data visualization, user insights, and task efficiency. The challenge involves organizing data widgets, enhancing filtering options, and incorporating interactive elements for data exploration. Participants should prioritize clarity, consistency, and accessibility in their redesign efforts.",0,0,false,true,Freelance,6565dbc91b552b582750a569,656dca46f0780635fb101703,120,true,https://www.youtube.com/watch?v=TwDJhUJL-5o,17,657737242a9f72ac0cd595f4,1709077805956,1709077882396,0,65de752e3229038df00339ac,,,,,,,,,,,,
65df31e09c5c71b1c8fd47f6,Content Creation Challenge: Blogging,"Write informative and engaging blog posts on topics such as technology trends, lifestyle tips, or industry insights. The challenge involves researching relevant topics, crafting compelling narratives, and optimizing posts for SEO and reader engagement. Participants should demonstrate strong writing skills, creativity, and expertise in their chosen subject matter.",0,0,false,true,Freelance,6565dbc91b552b582750a569,6565dd201b552b582750a78f,60,true,https://www.youtube.com/watch?v=wIuVvCuiJhU,10,,1709126112574,1709144358505,1,,6565dd8d1b552b582750a7c6,65679947ceb352bf75d7bf63,1709144358500,false,65df79269c5c71b1c8fd5320,6581ca220048a6a683135dbc,,,,,,
65df33bf9c5c71b1c8fd497c,Machine Learning Challenge: Natural Language Processing,"Develop machine learning models for natural language processing tasks such as sentiment analysis, named entity recognition, or text classification. The challenge involves preprocessing text data, training and evaluating models, and optimizing performance metrics using techniques like word embeddings or recurrent neural networks. Participants should demonstrate proficiency in machine learning libraries like TensorFlow or PyTorch, as well as knowledge of NLP algorithms and techniques.",0,0,true,true,Freelance,6565dbc11b552b582750a564,6565ddc01b552b582750a834,300,false,,120,,1709126591711,1709126924850,1,,,65df34199c5c71b1c8fd4a2a,1709126699826,true,65df342b9c5c71b1c8fd4a58,65df335f9c5c71b1c8fd487d,6565dbc91b552b582750a569,65df34c89c5c71b1c8fd4aca,1709126857011,1709130300000,,
65de763a9c5c71b1c8fd402f,Web Development Challenge: E-commerce Platform,"Develop an e-commerce platform for online retail, providing features such as product listings, shopping carts, and secure checkout processes. The challenge involves designing responsive web interfaces, implementing backend functionality, and integrating payment gateways. Participants should prioritize usability, performance, and security in their platform design.",0,0,false,true,Internship,6565dbc11b552b582750a564,6565dd7f1b552b582750a7a5,280,false,https://www.youtube.com/watch?v=9bZkp7q19f0,28,65e7c2a09c5c71b1c8fd747c,1709078074431,1709118221505,1,,6565ddab1b552b582750a808,65df12d69c5c71b1c8fd4339,1709118221500,false,65df130d9c5c71b1c8fd4397,6581ca220048a6a683135dbc,,,,,657491f49f5ec2a17cfe3daa,65748f77274b04193293957e
65de752d9c5c71b1c8fd3e7f,UI/UX Design Challenge: Dashboard Redesign,"Redesign the dashboard interface of a data analytics platform to improve data visualization, user insights, and task efficiency. The challenge involves organizing data widgets, enhancing filtering options, and incorporating interactive elements for data exploration. Participants should prioritize clarity, consistency, and accessibility in their redesign efforts.",0,0,false,true,Freelance,6565dbc91b552b582750a569,656dca46f0780635fb101703,120,true,https://www.youtube.com/watch?v=TwDJhUJL-5o,17,657737242a9f72ac0cd595f4,1709077805956,1709077882396,0,65de752e3229038df00339ac,,,,,,,,,,,,
65df31e09c5c71b1c8fd47f6,Content Creation Challenge: Blogging,"Write informative and engaging blog posts on topics such as technology trends, lifestyle tips, or industry insights. The challenge involves researching relevant topics, crafting compelling narratives, and optimizing posts for SEO and reader engagement. Participants should demonstrate strong writing skills, creativity, and expertise in their chosen subject matter.",0,0,false,true,Freelance,6565dbc91b552b582750a569,6565dd201b552b582750a78f,60,true,https://www.youtube.com/watch?v=wIuVvCuiJhU,10,,1709126112574,1709144358505,1,,6565dd8d1b552b582750a7c6,65679947ceb352bf75d7bf63,1709144358500,false,65df79269c5c71b1c8fd5320,6581ca220048a6a683135dbc,,,,,,
65df33bf9c5c71b1c8fd497c,Machine Learning Challenge: Natural Language Processing,"Develop machine learning models for natural language processing tasks such as sentiment analysis, named entity recognition, or text classification. The challenge involves preprocessing text data, training and evaluating models, and optimizing performance metrics using techniques like word embeddings or recurrent neural networks. Participants should demonstrate proficiency in machine learning libraries like TensorFlow or PyTorch, as well as knowledge of NLP algorithms and techniques.",0,0,true,true,Freelance,6565dbc11b552b582750a564,6565ddc01b552b582750a834,300,false,,120,,1709126591711,1709126924850,1,,,65df34199c5c71b1c8fd4a2a,1709126699826,true,65df342b9c5c71b1c8fd4a58,65df335f9c5c71b1c8fd487d,6565dbc91b552b582750a569,65df34c89c5c71b1c8fd4aca,1709126857011,1709130300000,,
65de763a9c5c71b1c8fd402f,Web Development Challenge: E-commerce Platform,"Develop an e-commerce platform for online retail, providing features such as product listings, shopping carts, and secure checkout processes. The challenge involves designing responsive web interfaces, implementing backend functionality, and integrating payment gateways. Participants should prioritize usability, performance, and security in their platform design.",0,0,false,true,Internship,6565dbc11b552b582750a564,6565dd7f1b552b582750a7a5,280,false,https://www.youtube.com/watch?v=9bZkp7q19f0,28,65e7c2a09c5c71b1c8fd747c,1709078074431,1709118221505,1,,6565ddab1b552b582750a808,65df12d69c5c71b1c8fd4339,1709118221500,false,65df130d9c
